省份,城市,日期,累计确诊,新增确诊,累计治愈,新增治愈,累计死亡,新增死亡,新增本土无症状
湖北,武汉,2022-10-24,50431,0,46561,0,3869,0,15
湖北,武汉,2022-10-23,50431,1,46561,0,3869,0,12
湖北,武汉,2022-10-22,50430,0,46561,0,3869,0,14
湖北,武汉,2022-10-21,50430,0,46561,0,3869,0,14
湖北,武汉,2022-10-20,50430,0,46561,1,3869,0,17
湖北,武汉,2022-10-19,50430,0,46560,0,3869,0,14
湖北,武汉,2022-10-18,50430,0,46560,0,3869,0,16
湖北,武汉,2022-10-17,50430,0,46560,0,3869,0,13
湖北,武汉,2022-10-16,50430,0,46560,0,3869,0,16
湖北,武汉,2022-10-15,50430,0,46560,0,3869,0,25
湖北,武汉,2022-10-14,50430,0,46560,0,3869,0,27
湖北,武汉,2022-10-13,50430,0,46560,0,3869,0,13
湖北,武汉,2022-10-12,50430,0,46560,0,3869,0,5
湖北,武汉,2022-10-11,50430,0,46560,0,3869,0,1
湖北,武汉,2022-10-10,50430,0,46560,0,3869,0,1
湖北,武汉,2022-10-09,50430,0,46560,0,3869,0,1
湖北,武汉,2022-10-08,50430,0,46560,0,3869,0,6
湖北,武汉,2022-10-07,50430,0,46560,0,3869,0,22
湖北,武汉,2022-10-06,50430,0,46560,0,3869,0,24
湖北,武汉,2022-10-05,50430,0,46560,0,3869,0,11
湖北,武汉,2022-10-04,50430,0,46560,0,3869,0,9
湖北,武汉,2022-10-03,50430,0,46560,0,3869,0,2
湖北,武汉,2022-10-02,50430,0,46560,0,3869,0,0
湖北,武汉,2022-10-01,50430,1,46560,0,3869,0,1
湖北,武汉,2022-09-30,50429,0,46560,0,3869,0,0
湖北,武汉,2022-09-29,50429,0,46560,0,3869,0,3
湖北,武汉,2022-09-28,50429,0,46560,0,3869,0,3
湖北,武汉,2022-09-27,50429,0,46560,0,3869,0,9
湖北,武汉,2022-09-26,50429,0,46560,0,3869,0,0
湖北,武汉,2022-09-25,50429,0,46560,1,3869,0,2
湖北,武汉,2022-09-24,50429,0,46559,0,3869,0,0
湖北,武汉,2022-09-23,50429,0,46559,0,3869,0,0
湖北,武汉,2022-09-22,50429,0,46559,0,3869,0,0
湖北,武汉,2022-09-21,50429,0,46559,0,3869,0,2
湖北,武汉,2022-09-20,50429,0,46559,0,3869,0,0
湖北,武汉,2022-09-19,50429,0,46559,1,3869,0,0
湖北,武汉,2022-09-18,50429,0,46558,0,3869,0,0
湖北,武汉,2022-09-17,50429,0,46558,0,3869,0,0
湖北,武汉,2022-09-16,50429,0,46558,0,3869,0,0
湖北,武汉,2022-09-15,50429,0,46558,0,3869,0,2
湖北,武汉,2022-09-14,50429,0,46558,0,3869,0,1
湖北,武汉,2022-09-13,50429,0,46558,0,3869,0,0
湖北,武汉,2022-09-12,50429,0,46558,2,3869,0,0
湖北,武汉,2022-09-11,50429,0,46556,0,3869,0,1
湖北,武汉,2022-09-10,50429,0,46556,0,3869,0,0
湖北,武汉,2022-09-09,50429,0,46556,0,3869,0,1
湖北,武汉,2022-09-08,50429,0,46556,0,3869,0,0
湖北,武汉,2022-09-07,50429,0,46556,0,3869,0,0
湖北,武汉,2022-09-06,50429,0,46556,1,3869,0,0
湖北,武汉,2022-09-05,50429,0,46555,0,3869,0,2
湖北,武汉,2022-09-04,50429,0,46555,0,3869,0,9
湖北,武汉,2022-09-03,50429,0,46555,0,3869,0,12
湖北,武汉,2022-09-02,50429,2,46555,0,3869,0,9
湖北,武汉,2022-09-01,50427,0,46555,0,3869,0,15
湖北,武汉,2022-08-31,50427,1,46555,0,3869,0,17
湖北,武汉,2022-08-30,50426,1,46555,0,3869,0,22
湖北,武汉,2022-08-29,50425,0,46555,0,3869,0,25
湖北,武汉,2022-08-28,50425,0,46555,0,3869,0,26
湖北,武汉,2022-08-27,50425,0,46555,0,3869,0,10
湖北,武汉,2022-08-26,50425,1,46555,0,3869,0,11
湖北,武汉,2022-08-25,50424,0,46555,0,3869,0,8
湖北,武汉,2022-08-24,50424,0,46555,0,3869,0,8
湖北,武汉,2022-08-23,50424,0,46555,0,3869,0,0
湖北,武汉,2022-08-22,50424,0,46555,0,3869,0,1
湖北,武汉,2022-08-21,50424,0,46555,0,3869,0,0
湖北,武汉,2022-08-20,50424,0,46555,0,3869,0,0
湖北,武汉,2022-08-19,50424,0,46555,0,3869,0,0
湖北,武汉,2022-08-18,50424,0,46555,0,3869,0,1
湖北,武汉,2022-08-17,50424,0,46555,0,3869,0,0
湖北,武汉,2022-08-16,50424,0,46555,0,3869,0,1
湖北,武汉,2022-08-15,50424,0,46555,0,3869,0,2
湖北,武汉,2022-08-14,50424,0,46555,0,3869,0,5
湖北,武汉,2022-08-13,50424,0,46555,0,3869,0,0
湖北,武汉,2022-08-12,50424,0,46555,0,3869,0,0
湖北,武汉,2022-08-11,50424,0,46555,0,3869,0,0
湖北,武汉,2022-08-10,50424,0,46555,0,3869,0,0
湖北,武汉,2022-08-09,50424,0,46555,0,3869,0,0
湖北,武汉,2022-08-08,50424,0,46555,0,3869,0,0
湖北,武汉,2022-08-07,50424,0,46555,0,3869,0,0
湖北,武汉,2022-08-06,50424,0,46555,0,3869,0,0
湖北,武汉,2022-08-05,50424,0,46555,0,3869,0,0
湖北,武汉,2022-08-04,50424,0,46555,0,3869,0,0
湖北,武汉,2022-08-03,50424,0,46555,0,3869,0,0
湖北,武汉,2022-08-02,50424,0,46555,0,3869,0,0
湖北,武汉,2022-08-01,50424,0,46555,0,3869,0,0
湖北,武汉,2022-07-31,50424,0,46555,0,3869,0,0
湖北,武汉,2022-07-30,50424,0,46555,0,3869,0,0
湖北,武汉,2022-07-29,50424,0,46555,0,3869,0,0
湖北,武汉,2022-07-28,50424,0,46555,0,3869,0,0
湖北,武汉,2022-07-27,50424,0,46555,0,3869,0,2
湖北,武汉,2022-07-26,50424,0,46555,0,3869,0,4
湖北,武汉,2022-07-25,50424,0,46555,0,3869,0,0
湖北,武汉,2022-07-24,50424,0,46555,0,3869,0,0
湖北,武汉,2022-07-23,50424,0,46555,0,3869,0,0
湖北,武汉,2022-07-22,50424,0,46555,0,3869,0,0
湖北,武汉,2022-07-21,50424,0,46555,0,3869,0,0
湖北,武汉,2022-07-20,50424,0,46555,0,3869,0,0
湖北,武汉,2022-07-19,50424,0,46555,0,3869,0,0
湖北,武汉,2022-07-18,50424,0,46555,0,3869,0,0
湖北,武汉,2022-07-17,50424,0,46555,0,3869,0,0
湖北,武汉,2022-07-16,50424,0,46555,0,3869,0,0
湖北,武汉,2022-07-15,50424,0,46555,0,3869,0,0
湖北,武汉,2022-07-14,50424,0,46555,0,3869,0,0
湖北,武汉,2022-07-13,50424,0,46555,0,3869,0,0
湖北,武汉,2022-07-12,50424,0,46555,0,3869,0,0
湖北,武汉,2022-07-11,50424,0,46555,0,3869,0,0
湖北,武汉,2022-07-10,50424,0,46555,0,3869,0,0
湖北,武汉,2022-07-09,50424,0,46555,0,3869,0,0
湖北,武汉,2022-07-08,50424,0,46555,0,3869,0,0
湖北,武汉,2022-07-07,50424,0,46555,0,3869,0,0
湖北,武汉,2022-07-06,50424,0,46555,0,3869,0,0
湖北,武汉,2022-07-05,50424,0,46555,0,3869,0,0
湖北,武汉,2022-07-04,50424,0,46555,0,3869,0,0
湖北,武汉,2022-07-03,50424,0,46555,0,3869,0,0
湖北,武汉,2022-07-02,50424,0,46555,0,3869,0,0
湖北,武汉,2022-07-01,50424,0,46555,0,3869,0,0
湖北,武汉,2022-06-30,50424,0,46555,0,3869,0,2
湖北,武汉,2022-06-29,50424,0,46555,0,3869,0,0
湖北,武汉,2022-06-28,50424,0,46555,0,3869,0,0
湖北,武汉,2022-06-27,50424,0,46555,0,3869,0,0
湖北,武汉,2022-06-26,50424,0,46555,0,3869,0,0
湖北,武汉,2022-06-25,50424,0,46555,0,3869,0,0
湖北,武汉,2022-06-24,50424,0,46555,0,3869,0,0
湖北,武汉,2022-06-23,50424,0,46555,0,3869,0,0
湖北,武汉,2022-06-22,50424,0,46555,0,3869,0,0
湖北,武汉,2022-06-21,50424,0,46555,0,3869,0,0
湖北,武汉,2022-06-20,50424,0,46555,0,3869,0,0
湖北,武汉,2022-06-19,50424,0,46555,0,3869,0,0
湖北,武汉,2022-06-18,50424,0,46555,0,3869,0,0
湖北,武汉,2022-06-17,50424,0,46555,0,3869,0,0
湖北,武汉,2022-06-16,50424,0,46555,0,3869,0,0
湖北,武汉,2022-06-15,50424,0,46555,0,3869,0,0
湖北,武汉,2022-06-14,50424,0,46555,0,3869,0,0
湖北,武汉,2022-06-13,50424,0,46555,0,3869,0,0
湖北,武汉,2022-06-12,50424,0,46555,1,3869,0,0
湖北,武汉,2022-06-11,50424,0,46554,0,3869,0,0
湖北,武汉,2022-06-10,50424,0,46554,0,3869,0,0
湖北,武汉,2022-06-09,50424,0,46554,0,3869,0,0
湖北,武汉,2022-06-08,50424,0,46554,0,3869,0,0
湖北,武汉,2022-06-07,50424,0,46554,0,3869,0,0
湖北,武汉,2022-06-06,50424,0,46554,0,3869,0,0
湖北,武汉,2022-06-05,50424,0,46554,0,3869,0,0
湖北,武汉,2022-06-04,50424,0,46554,0,3869,0,0
湖北,武汉,2022-06-03,50424,0,46554,0,3869,0,0
湖北,武汉,2022-06-02,50424,0,46554,0,3869,0,0
湖北,武汉,2022-06-01,50424,0,46554,0,3869,0,0
湖北,武汉,2022-05-31,50424,0,46554,0,3869,0,0
湖北,武汉,2022-05-30,50424,9,46554,9,3869,0,0
湖北,武汉,2022-05-29,50415,0,46545,0,3869,0,0
湖北,武汉,2022-05-28,50415,1,46545,0,3869,0,0
湖北,武汉,2022-05-27,50414,0,46545,0,3869,0,0
湖北,武汉,2022-05-26,50414,0,46545,0,3869,0,0
湖北,武汉,2022-05-25,50414,0,46545,0,3869,0,0
湖北,武汉,2022-05-24,50414,0,46545,0,3869,0,0
湖北,武汉,2022-05-23,50414,0,46545,0,3869,0,0
湖北,武汉,2022-05-22,50414,0,46545,0,3869,0,0
湖北,武汉,2022-05-21,50414,0,46545,0,3869,0,0
湖北,武汉,2022-05-20,50414,0,46545,0,3869,0,0
湖北,武汉,2022-05-19,50414,0,46545,0,3869,0,0
湖北,武汉,2022-05-18,50414,0,46545,0,3869,0,0
湖北,武汉,2022-05-17,50414,0,46545,0,3869,0,0
湖北,武汉,2022-05-16,50414,0,46545,0,3869,0,0
湖北,武汉,2022-05-15,50414,0,46545,0,3869,0,0
湖北,武汉,2022-05-14,50414,0,46545,0,3869,0,0
湖北,武汉,2022-05-13,50414,0,46545,1,3869,0,0
湖北,武汉,2022-05-12,50414,0,46544,0,3869,0,0
湖北,武汉,2022-05-11,50414,0,46544,0,3869,0,0
湖北,武汉,2022-05-10,50414,0,46544,0,3869,0,0
湖北,武汉,2022-05-09,50414,0,46544,1,3869,0,0
湖北,武汉,2022-05-08,50414,0,46543,5,3869,0,0
湖北,武汉,2022-05-07,50414,0,46538,0,3869,0,0
湖北,武汉,2022-05-06,50414,0,46538,0,3869,0,0
湖北,武汉,2022-05-05,50414,0,46538,0,3869,0,0
湖北,武汉,2022-05-04,50414,0,46538,1,3869,0,1
湖北,武汉,2022-05-03,50414,0,46537,0,3869,0,0
湖北,武汉,2022-05-02,50414,0,46537,0,3869,0,0
湖北,武汉,2022-05-01,50414,0,46537,0,3869,0,0
湖北,武汉,2022-04-30,50414,0,46537,0,3869,0,0
湖北,武汉,2022-04-29,50414,0,46537,0,3869,0,0
湖北,武汉,2022-04-28,50414,0,46537,0,3869,0,0
湖北,武汉,2022-04-27,50414,0,46537,0,3869,0,0
湖北,武汉,2022-04-26,50414,0,46537,0,3869,0,0
湖北,武汉,2022-04-25,50414,0,46537,0,3869,0,3
湖北,武汉,2022-04-24,50414,0,46537,0,3869,0,2
湖北,武汉,2022-04-23,50414,1,46537,0,3869,0,2
湖北,武汉,2022-04-22,50413,1,46537,0,3869,0,1
湖北,武汉,2022-04-21,50412,0,46537,0,3869,0,0
湖北,武汉,2022-04-20,50412,0,46537,0,3869,0,0
湖北,武汉,2022-04-19,50412,0,46537,0,3869,0,0
湖北,武汉,2022-04-18,50412,1,46537,0,3869,0,4
湖北,武汉,2022-04-17,50411,0,46537,0,3869,0,5
湖北,武汉,2022-04-16,50411,0,46537,0,3869,0,7
湖北,武汉,2022-04-15,50411,0,46537,0,3869,0,28
湖北,武汉,2022-04-14,50411,1,46537,0,3869,0,13
湖北,武汉,2022-04-13,50410,0,46537,0,3869,0,22
湖北,武汉,2022-04-12,50410,0,46537,0,3869,0,7
湖北,武汉,2022-04-11,50410,0,46537,0,3869,0,12
湖北,武汉,2022-04-10,50410,0,46537,1,3869,0,12
湖北,武汉,2022-04-09,50410,0,46536,0,3869,0,10
湖北,武汉,2022-04-08,50410,0,46536,0,3869,0,2
湖北,武汉,2022-04-07,50410,0,46536,0,3869,0,3
湖北,武汉,2022-04-06,50410,0,46536,1,3869,0,1
湖北,武汉,2022-04-05,50410,0,46535,0,3869,0,1
湖北,武汉,2022-04-04,50410,0,46535,0,3869,0,3
湖北,武汉,2022-04-03,50410,0,46535,0,3869,0,1
湖北,武汉,2022-04-02,50410,0,46535,0,3869,0,1
湖北,武汉,2022-04-01,50410,0,46535,1,3869,0,2
湖北,武汉,2022-03-31,50410,0,46534,0,3869,0,0
湖北,武汉,2022-03-30,50410,0,46534,0,3869,0,0
湖北,武汉,2022-03-29,50410,0,46534,0,3869,0,0
湖北,武汉,2022-03-28,50410,0,46534,1,3869,0,0
湖北,武汉,2022-03-27,50410,0,46533,0,3869,0,0
湖北,武汉,2022-03-26,50410,0,46533,0,3869,0,0
湖北,武汉,2022-03-25,50410,0,46533,0,3869,0,0
湖北,武汉,2022-03-24,50410,0,46533,0,3869,0,0
湖北,武汉,2022-03-23,50410,0,46533,0,3869,0,0
湖北,武汉,2022-03-22,50410,0,46533,2,3869,0,0
湖北,武汉,2022-03-21,50410,5,46531,1,3869,0,0
湖北,武汉,2022-03-20,50405,0,46530,2,3869,0,0
湖北,武汉,2022-03-19,50405,0,46528,2,3869,0,0
湖北,武汉,2022-03-18,50405,0,46526,9,3869,0,0
湖北,武汉,2022-03-17,50405,0,46517,10,3869,0,0
湖北,武汉,2022-03-16,50405,3,46507,5,3869,0,0
湖北,武汉,2022-03-15,50402,0,46502,3,3869,0,0
湖北,武汉,2022-03-14,50402,-3,46499,4,3869,0,0
湖北,武汉,2022-03-13,50405,0,46495,10,3869,0,0
湖北,武汉,2022-03-12,50405,0,46485,5,3869,0,0
湖北,武汉,2022-03-11,50405,2,46480,0,3869,0,0
湖北,武汉,2022-03-10,50403,7,46480,10,3869,0,0
湖北,武汉,2022-03-09,50396,-3,46470,0,3869,0,0
湖北,武汉,2022-03-08,50399,0,46470,0,3869,0,0
湖北,武汉,2022-03-07,50399,0,46470,0,3869,0,0
湖北,武汉,2022-03-06,50399,2,46470,0,3869,0,0
湖北,武汉,2022-03-05,50397,0,46470,0,3869,0,1
湖北,武汉,2022-03-04,50397,1,46470,0,3869,0,1
湖北,武汉,2022-03-03,50396,4,46470,0,3869,0,0
湖北,武汉,2022-03-02,50392,6,46470,0,3869,0,0
湖北,武汉,2022-03-01,50386,10,46470,0,3869,0,0
湖北,武汉,2022-02-28,50376,3,46470,0,3869,0,1
湖北,武汉,2022-02-27,50373,5,46470,0,3869,0,0
湖北,武汉,2022-02-26,50368,2,46470,0,3869,0,0
湖北,武汉,2022-02-25,50366,0,46470,0,3869,0,0
湖北,武汉,2022-02-24,50366,3,46470,0,3869,0,0
湖北,武汉,2022-02-23,50363,14,46470,0,3869,0,1
湖北,武汉,2022-02-22,50349,5,46470,0,3869,0,5
湖北,武汉,2022-02-21,50344,4,46470,0,3869,0,0
湖北,武汉,2022-02-20,50340,0,46470,0,3869,0,0
湖北,武汉,2022-02-19,50340,1,46470,0,3869,0,0
湖北,武汉,2022-02-18,50339,0,46470,0,3869,0,0
湖北,武汉,2022-02-17,50339,0,46470,0,3869,0,0
湖北,武汉,2022-02-16,50339,0,46470,0,3869,0,0
湖北,武汉,2022-02-15,50339,0,46470,0,3869,0,0
湖北,武汉,2022-02-14,50339,0,46470,0,3869,0,0
湖北,武汉,2022-02-13,50339,0,46470,0,3869,0,0
湖北,武汉,2022-02-12,50339,0,46470,0,3869,0,0
湖北,武汉,2022-02-11,50339,0,46470,0,3869,0,0
湖北,武汉,2022-02-10,50339,0,46470,0,3869,0,0
湖北,武汉,2022-02-09,50339,0,46470,0,3869,0,0
湖北,武汉,2022-02-08,50339,0,46470,0,3869,0,0
湖北,武汉,2022-02-07,50339,0,46470,0,3869,0,0
湖北,武汉,2022-02-06,50339,0,46470,1,3869,0,0
湖北,武汉,2022-02-05,50339,0,46469,0,3869,0,0
湖北,武汉,2022-02-04,50339,0,46469,0,3869,0,0
湖北,武汉,2022-02-03,50339,0,46469,0,3869,0,0
湖北,武汉,2022-02-02,50339,0,46469,0,3869,0,0
湖北,武汉,2022-02-01,50339,0,46469,0,3869,0,0
湖北,武汉,2022-01-31,50339,0,46469,0,3869,0,0
湖北,武汉,2022-01-30,50339,0,46469,0,3869,0,0
湖北,武汉,2022-01-29,50339,0,46469,0,3869,0,0
湖北,武汉,2022-01-28,50339,0,46469,1,3869,0,0
湖北,武汉,2022-01-27,50339,0,46468,0,3869,0,0
湖北,武汉,2022-01-26,50339,0,46468,0,3869,0,0
湖北,武汉,2022-01-25,50339,0,46468,1,3869,0,0
湖北,武汉,2022-01-24,50339,0,46467,0,3869,0,0
湖北,武汉,2022-01-23,50339,0,46467,0,3869,0,0
湖北,武汉,2022-01-22,50339,0,46467,0,3869,0,0
湖北,武汉,2022-01-21,50339,0,46467,0,3869,0,0
湖北,武汉,2022-01-20,50339,0,46467,0,3869,0,0
湖北,武汉,2022-01-19,50339,0,46467,0,3869,0,0
湖北,武汉,2022-01-18,50339,0,46467,1,3869,0,0
湖北,武汉,2022-01-17,50339,0,46466,0,3869,0,0
湖北,武汉,2022-01-16,50339,0,46466,0,3869,0,0
湖北,武汉,2022-01-15,50339,0,46466,0,3869,0,0
湖北,武汉,2022-01-14,50339,0,46466,0,3869,0,0
湖北,武汉,2022-01-13,50339,0,46466,0,3869,0,0
湖北,武汉,2022-01-12,50339,0,46466,0,3869,0,0
湖北,武汉,2022-01-11,50339,0,46466,0,3869,0,0
湖北,武汉,2022-01-10,50339,0,46466,0,3869,0,0
湖北,武汉,2022-01-09,50339,0,46466,0,3869,0,0
湖北,武汉,2022-01-08,50339,0,46466,0,3869,0,0
湖北,武汉,2022-01-07,50339,0,46466,0,3869,0,0
湖北,武汉,2022-01-06,50339,1,46466,0,3869,0,0
湖北,武汉,2022-01-05,50338,0,46466,0,3869,0,0
湖北,武汉,2022-01-04,50338,2,46466,0,3869,0,0
湖北,武汉,2022-01-03,50336,0,46466,0,3869,0,0
湖北,武汉,2022-01-02,50336,0,46466,0,3869,0,0
湖北,武汉,2022-01-01,50336,0,46466,0,3869,0,0
湖北,武汉,2021-12-31,50336,0,46466,0,3869,0,0
湖北,武汉,2021-12-30,50336,0,46466,0,3869,0,0
湖北,武汉,2021-12-29,50336,1,46466,0,3869,0,0
湖北,武汉,2021-12-28,50335,0,46466,0,3869,0,0
湖北,武汉,2021-12-27,50335,0,46466,0,3869,0,0
湖北,武汉,2021-12-26,50335,0,46466,0,3869,0,0
湖北,武汉,2021-12-25,50335,0,46466,0,3869,0,0
湖北,武汉,2021-12-24,50335,0,46466,1,3869,0,0
湖北,武汉,2021-12-23,50335,0,46465,0,3869,0,0
湖北,武汉,2021-12-22,50335,0,46465,0,3869,0,0
湖北,武汉,2021-12-21,50335,0,46465,0,3869,0,0
湖北,武汉,2021-12-20,50335,0,46465,0,3869,0,0
湖北,武汉,2021-12-19,50335,0,46465,0,3869,0,0
湖北,武汉,2021-12-18,50335,0,46465,2,3869,0,0
湖北,武汉,2021-12-17,50335,0,46463,2,3869,0,0
湖北,武汉,2021-12-16,50335,0,46461,0,3869,0,0
湖北,武汉,2021-12-15,50335,1,46461,0,3869,0,0
湖北,武汉,2021-12-14,50334,0,46461,0,3869,0,0
湖北,武汉,2021-12-13,50334,0,46461,0,3869,0,0
湖北,武汉,2021-12-12,50334,0,46461,0,3869,0,0
湖北,武汉,2021-12-11,50334,0,46461,0,3869,0,0
湖北,武汉,2021-12-10,50334,0,46461,0,3869,0,0
湖北,武汉,2021-12-09,50334,0,46461,0,3869,0,0
湖北,武汉,2021-12-08,50334,4,46461,0,3869,0,0
湖北,武汉,2021-12-07,50330,0,46461,0,3869,0,0
湖北,武汉,2021-12-06,50330,0,46461,0,3869,0,0
湖北,武汉,2021-12-05,50330,0,46461,0,3869,0,0
湖北,武汉,2021-12-04,50330,0,46461,0,3869,0,0
湖北,武汉,2021-12-03,50330,0,46461,1,3869,0,0
湖北,武汉,2021-12-02,50330,0,46460,0,3869,0,0
湖北,武汉,2021-12-01,50330,0,46460,1,3869,0,0
湖北,武汉,2021-11-30,50330,0,46459,0,3869,0,0
湖北,武汉,2021-11-29,50330,0,46459,0,3869,0,0
湖北,武汉,2021-11-28,50330,0,46459,0,3869,0,0
湖北,武汉,2021-11-27,50330,0,46459,1,3869,0,0
湖北,武汉,2021-11-26,50330,0,46458,0,3869,0,0
湖北,武汉,2021-11-25,50330,0,46458,0,3869,0,0
湖北,武汉,2021-11-24,50330,0,46458,0,3869,0,0
湖北,武汉,2021-11-23,50330,0,46458,0,3869,0,0
湖北,武汉,2021-11-22,50330,0,46458,1,3869,0,0
湖北,武汉,2021-11-21,50330,0,46457,0,3869,0,0
湖北,武汉,2021-11-20,50330,0,46457,1,3869,0,0
湖北,武汉,2021-11-19,50330,0,46456,0,3869,0,0
湖北,武汉,2021-11-18,50330,0,46456,1,3869,0,0
湖北,武汉,2021-11-17,50330,0,46455,0,3869,0,0
湖北,武汉,2021-11-16,50330,0,46455,0,3869,0,0
湖北,武汉,2021-11-15,50330,0,46455,0,3869,0,0
湖北,武汉,2021-11-14,50330,0,46455,0,3869,0,0
湖北,武汉,2021-11-13,50330,0,46455,0,3869,0,0
湖北,武汉,2021-11-12,50330,0,46455,0,3869,0,0
湖北,武汉,2021-11-11,50330,0,46455,0,3869,0,0
湖北,武汉,2021-11-10,50330,2,46455,0,3869,0,0
湖北,武汉,2021-11-09,50328,0,46455,0,3869,0,0
湖北,武汉,2021-11-08,50328,0,46455,4,3869,0,0
湖北,武汉,2021-11-07,50328,0,46451,0,3869,0,0
湖北,武汉,2021-11-06,50328,0,46451,1,3869,0,0
湖北,武汉,2021-11-05,50328,0,46450,0,3869,0,0
湖北,武汉,2021-11-04,50328,0,46450,1,3869,0,0
湖北,武汉,2021-11-03,50328,0,46449,0,3869,0,0
湖北,武汉,2021-11-02,50328,0,46449,0,3869,0,0
湖北,武汉,2021-11-01,50328,0,46449,0,3869,0,0
湖北,武汉,2021-10-31,50328,0,46449,1,3869,0,0
湖北,武汉,2021-10-30,50328,1,46448,0,3869,0,0
湖北,武汉,2021-10-29,50327,2,46448,0,3869,0,0
湖北,武汉,2021-10-28,50325,0,46448,0,3869,0,0
湖北,武汉,2021-10-27,50325,1,46448,0,3869,0,0
湖北,武汉,2021-10-26,50324,0,46448,0,3869,0,0
湖北,武汉,2021-10-25,50324,0,46448,0,3869,0,0
湖北,武汉,2021-10-24,50324,0,46448,0,3869,0,0
湖北,武汉,2021-10-23,50324,0,46448,0,3869,0,0
湖北,武汉,2021-10-22,50324,0,46448,0,3869,0,0
湖北,武汉,2021-10-21,50324,0,46448,0,3869,0,0
湖北,武汉,2021-10-20,50324,0,46448,0,3869,0,0
湖北,武汉,2021-10-19,50324,0,46448,4,3869,0,0
湖北,武汉,2021-10-18,50324,0,46444,1,3869,0,0
湖北,武汉,2021-10-17,50324,0,46443,0,3869,0,0
湖北,武汉,2021-10-16,50324,0,46443,1,3869,0,0
湖北,武汉,2021-10-15,50324,3,46442,0,3869,0,0
湖北,武汉,2021-10-14,50321,0,46442,0,3869,0,0
湖北,武汉,2021-10-13,50321,1,46442,2,3869,0,0
湖北,武汉,2021-10-12,50320,0,46440,0,3869,0,0
湖北,武汉,2021-10-11,50320,0,46440,12,3869,0,0
湖北,武汉,2021-10-10,50320,0,46428,0,3869,0,0
湖北,武汉,2021-10-09,50320,0,46428,0,3869,0,0
湖北,武汉,2021-10-08,50320,0,46428,0,3869,0,0
湖北,武汉,2021-10-07,50320,0,46428,0,3869,0,0
湖北,武汉,2021-10-06,50320,1,46428,0,3869,0,0
湖北,武汉,2021-10-05,50319,0,46428,0,3869,0,0
湖北,武汉,2021-10-04,50319,0,46428,0,3869,0,0
湖北,武汉,2021-10-03,50319,0,46428,0,3869,0,0
湖北,武汉,2021-10-02,50319,0,46428,0,3869,0,0
湖北,武汉,2021-10-01,50319,0,46428,0,3869,0,0
湖北,武汉,2021-09-30,50319,0,46428,0,3869,0,0
湖北,武汉,2021-09-29,50319,0,46428,0,3869,0,0
湖北,武汉,2021-09-28,50319,0,46428,0,3869,0,0
湖北,武汉,2021-09-27,50319,0,46428,0,3869,0,0
湖北,武汉,2021-09-26,50319,0,46428,0,3869,0,0
湖北,武汉,2021-09-25,50319,0,46428,0,3869,0,0
湖北,武汉,2021-09-24,50319,1,46428,0,3869,0,0
湖北,武汉,2021-09-23,50318,0,46428,0,3869,0,0
湖北,武汉,2021-09-22,50318,2,46428,0,3869,0,0
湖北,武汉,2021-09-21,50316,0,46428,0,3869,0,0
湖北,武汉,2021-09-20,50316,0,46428,0,3869,0,0
湖北,武汉,2021-09-19,50316,0,46428,0,3869,0,0
湖北,武汉,2021-09-18,50316,3,46428,2,3869,0,0
湖北,武汉,2021-09-17,50313,0,46426,3,3869,0,0
湖北,武汉,2021-09-16,50313,0,46423,0,3869,0,0
湖北,武汉,2021-09-15,50313,0,46423,0,3869,0,0
湖北,武汉,2021-09-14,50313,0,46423,2,3869,0,0
湖北,武汉,2021-09-13,50313,0,46421,0,3869,0,0
湖北,武汉,2021-09-12,50313,0,46421,1,3869,0,0
湖北,武汉,2021-09-11,50313,0,46420,0,3869,0,0
湖北,武汉,2021-09-10,50313,0,46420,2,3869,0,0
湖北,武汉,2021-09-09,50313,0,46418,2,3869,0,0
湖北,武汉,2021-09-08,50313,1,46416,2,3869,0,0
湖北,武汉,2021-09-07,50312,0,46414,1,3869,0,0
湖北,武汉,2021-09-06,50312,0,46413,3,3869,0,0
湖北,武汉,2021-09-05,50312,0,46410,1,3869,0,0
湖北,武汉,2021-09-04,50312,0,46409,7,3869,0,0
湖北,武汉,2021-09-03,50312,0,46402,0,3869,0,0
湖北,武汉,2021-09-02,50312,0,46402,0,3869,0,0
湖北,武汉,2021-09-01,50312,1,46402,0,3869,0,0
湖北,武汉,2021-08-31,50311,0,46402,0,3869,0,0
湖北,武汉,2021-08-30,50311,0,46402,0,3869,0,0
湖北,武汉,2021-08-29,50311,0,46402,0,3869,0,0
湖北,武汉,2021-08-28,50311,0,46402,4,3869,0,0
湖北,武汉,2021-08-27,50311,0,46398,0,3869,0,0
湖北,武汉,2021-08-26,50311,1,46398,2,3869,0,0
湖北,武汉,2021-08-25,50310,0,46396,1,3869,0,0
湖北,武汉,2021-08-24,50310,0,46395,0,3869,0,0
湖北,武汉,2021-08-23,50310,0,46395,3,3869,0,0
湖北,武汉,2021-08-22,50310,0,46392,0,3869,0,0
湖北,武汉,2021-08-21,50310,2,46392,0,3869,0,0
湖北,武汉,2021-08-20,50308,0,46392,0,3869,0,0
湖北,武汉,2021-08-19,50308,0,46392,0,3869,0,0
湖北,武汉,2021-08-18,50308,0,46392,0,3869,0,0
湖北,武汉,2021-08-17,50308,1,46392,2,3869,0,0
湖北,武汉,2021-08-16,50307,0,46390,0,3869,0,0
湖北,武汉,2021-08-15,50307,0,46390,6,3869,0,0
湖北,武汉,2021-08-14,50307,0,46384,0,3869,0,0
湖北,武汉,2021-08-13,50307,0,46384,0,3869,0,0
湖北,武汉,2021-08-12,50307,0,46384,0,3869,0,0
湖北,武汉,2021-08-11,50307,4,46384,0,3869,0,0
湖北,武汉,2021-08-10,50303,3,46384,0,3869,0,0
湖北,武汉,2021-08-09,50300,4,46384,2,3869,0,0
湖北,武汉,2021-08-08,50296,2,46382,0,3869,0,0
湖北,武汉,2021-08-07,50294,6,46382,1,3869,0,0
湖北,武汉,2021-08-06,50288,6,46381,0,3869,0,0
湖北,武汉,2021-08-05,50282,3,46381,0,3869,0,0
湖北,武汉,2021-08-04,50279,0,46381,2,3869,0,0
湖北,武汉,2021-08-03,50279,9,46379,0,3869,0,0
湖北,武汉,2021-08-02,50270,3,46379,0,3869,0,0
湖北,武汉,2021-08-01,50267,0,46379,0,3869,0,0
湖北,武汉,2021-07-31,50267,0,46379,1,3869,0,0
湖北,武汉,2021-07-30,50267,0,46378,0,3869,0,0
湖北,武汉,2021-07-29,50267,0,46378,0,3869,0,0
湖北,武汉,2021-07-28,50267,0,46378,0,3869,0,0
湖北,武汉,2021-07-27,50267,1,46378,0,3869,0,0
湖北,武汉,2021-07-26,50266,0,46378,0,3869,0,0
湖北,武汉,2021-07-25,50266,0,46378,1,3869,0,0
湖北,武汉,2021-07-24,50266,0,46377,0,3869,0,0
湖北,武汉,2021-07-23,50266,1,46377,0,3869,0,0
湖北,武汉,2021-07-22,50265,1,46377,2,3869,0,0
湖北,武汉,2021-07-21,50264,0,46375,0,3869,0,0
湖北,武汉,2021-07-20,50264,0,46375,12,3869,0,0
湖北,武汉,2021-07-19,50264,3,46363,0,3869,0,0
湖北,武汉,2021-07-18,50261,0,46363,0,3869,0,0
湖北,武汉,2021-07-17,50261,1,46363,0,3869,0,0
湖北,武汉,2021-07-16,50260,0,46363,0,3869,0,0
湖北,武汉,2021-07-15,50260,0,46363,0,3869,0,0
湖北,武汉,2021-07-14,50260,0,46363,0,3869,0,0
湖北,武汉,2021-07-13,50260,0,46363,0,3869,0,0
湖北,武汉,2021-07-12,50260,1,46363,0,3869,0,0
湖北,武汉,2021-07-11,50259,0,46363,0,3869,0,0
湖北,武汉,2021-07-10,50259,0,46363,0,3869,0,0
湖北,武汉,2021-07-09,50259,0,46363,0,3869,0,0
湖北,武汉,2021-07-08,50259,0,46363,0,3869,0,0
湖北,武汉,2021-07-07,50259,0,46363,0,3869,0,0
湖北,武汉,2021-07-06,50259,25,46363,0,3869,0,0
湖北,武汉,2021-07-05,50234,0,46363,0,3869,0,0
湖北,武汉,2021-07-04,50234,0,46363,0,3869,0,0
湖北,武汉,2021-07-03,50234,0,46363,0,3869,0,0
湖北,武汉,2021-07-02,50234,0,46363,0,3869,0,0
湖北,武汉,2021-07-01,50234,0,46363,1,3869,0,0
湖北,武汉,2021-06-30,50234,0,46362,0,3869,0,0
湖北,武汉,2021-06-29,50234,2,46362,0,3869,0,0
湖北,武汉,2021-06-28,50232,0,46362,0,3869,0,0
湖北,武汉,2021-06-27,50232,0,46362,0,3869,0,0
湖北,武汉,2021-06-26,50232,0,46362,0,3869,0,0
湖北,武汉,2021-06-25,50232,0,46362,0,3869,0,0
湖北,武汉,2021-06-24,50232,0,46362,0,3869,0,0
湖北,武汉,2021-06-23,50232,0,46362,0,3869,0,0
湖北,武汉,2021-06-22,50232,0,46362,0,3869,0,0
湖北,武汉,2021-06-21,50232,0,46362,0,3869,0,0
湖北,武汉,2021-06-20,50232,0,46362,0,3869,0,0
湖北,武汉,2021-06-19,50232,0,46362,0,3869,0,0
湖北,武汉,2021-06-18,50232,0,46362,0,3869,0,0
湖北,武汉,2021-06-17,50232,0,46362,0,3869,0,0
湖北,武汉,2021-06-16,50232,1,46362,0,3869,0,0
湖北,武汉,2021-06-15,50231,0,46362,0,3869,0,0
湖北,武汉,2021-06-14,50231,0,46362,0,3869,0,0
湖北,武汉,2021-06-13,50231,0,46362,0,3869,0,0
湖北,武汉,2021-06-12,50231,0,46362,0,3869,0,0
湖北,武汉,2021-06-11,50231,0,46362,0,3869,0,0
湖北,武汉,2021-06-10,50231,0,46362,0,3869,0,0
湖北,武汉,2021-06-09,50231,0,46362,0,3869,0,0
湖北,武汉,2021-06-08,50231,0,46362,0,3869,0,0
湖北,武汉,2021-06-07,50231,0,46362,0,3869,0,0
湖北,武汉,2021-06-06,50231,0,46362,0,3869,0,0
湖北,武汉,2021-06-05,50231,0,46362,0,3869,0,0
湖北,武汉,2021-06-04,50231,0,46362,0,3869,0,0
湖北,武汉,2021-06-03,50231,0,46362,1,3869,0,0
湖北,武汉,2021-06-02,50231,0,46361,0,3869,0,0
湖北,武汉,2021-06-01,50231,0,46361,0,3869,0,0
湖北,武汉,2021-05-31,50231,0,46361,0,3869,0,0
湖北,武汉,2021-05-30,50231,0,46361,0,3869,0,0
湖北,武汉,2021-05-29,50231,0,46361,0,3869,0,0
湖北,武汉,2021-05-28,50231,0,46361,0,3869,0,0
湖北,武汉,2021-05-27,50231,0,46361,0,3869,0,0
湖北,武汉,2021-05-26,50231,0,46361,0,3869,0,0
湖北,武汉,2021-05-25,50231,0,46361,0,3869,0,0
湖北,武汉,2021-05-24,50231,0,46361,0,3869,0,0
湖北,武汉,2021-05-23,50231,0,46361,0,3869,0,0
湖北,武汉,2021-05-22,50231,0,46361,0,3869,0,0
湖北,武汉,2021-05-21,50231,0,46361,1,3869,0,0
湖北,武汉,2021-05-20,50231,0,46360,0,3869,0,0
湖北,武汉,2021-05-19,50231,0,46360,4,3869,0,0
湖北,武汉,2021-05-18,50231,0,46356,0,3869,0,0
湖北,武汉,2021-05-17,50231,0,46356,0,3869,0,0
湖北,武汉,2021-05-16,50231,0,46356,0,3869,0,0
湖北,武汉,2021-05-15,50231,0,46356,0,3869,0,0
湖北,武汉,2021-05-14,50231,0,46356,0,3869,0,0
湖北,武汉,2021-05-13,50231,0,46356,0,3869,0,0
湖北,武汉,2021-05-12,50231,0,46356,0,3869,0,0
湖北,武汉,2021-05-11,50231,0,46356,0,3869,0,0
湖北,武汉,2021-05-10,50231,0,46356,0,3869,0,0
湖北,武汉,2021-05-09,50231,0,46356,0,3869,0,0
湖北,武汉,2021-05-08,50231,0,46356,0,3869,0,0
湖北,武汉,2021-05-07,50231,0,46356,0,3869,0,0
湖北,武汉,2021-05-06,50231,0,46356,0,3869,0,0
湖北,武汉,2021-05-05,50231,0,46356,0,3869,0,0
湖北,武汉,2021-05-04,50231,0,46356,0,3869,0,0
湖北,武汉,2021-05-03,50231,0,46356,0,3869,0,0
湖北,武汉,2021-05-02,50231,0,46356,0,3869,0,0
湖北,武汉,2021-05-01,50231,0,46356,0,3869,0,0
湖北,武汉,2021-04-30,50231,0,46356,0,3869,0,0
湖北,武汉,2021-04-29,50231,0,46356,0,3869,0,0
湖北,武汉,2021-04-28,50231,1,46356,0,3869,0,0
湖北,武汉,2021-04-27,50230,0,46356,0,3869,0,0
湖北,武汉,2021-04-26,50230,0,46356,0,3869,0,0
湖北,武汉,2021-04-25,50230,0,46356,0,3869,0,0
湖北,武汉,2021-04-24,50230,0,46356,0,3869,0,0
湖北,武汉,2021-04-23,50230,0,46356,0,3869,0,0
湖北,武汉,2021-04-22,50230,-1,46356,0,3869,0,0
湖北,武汉,2021-04-21,50231,2,46356,0,3869,0,0
湖北,武汉,2021-04-20,50229,0,46356,0,3869,0,0
湖北,武汉,2021-04-19,50229,1,46356,0,3869,0,0
湖北,武汉,2021-04-18,50228,0,46356,0,3869,0,0
湖北,武汉,2021-04-17,50228,0,46356,0,3869,0,0
湖北,武汉,2021-04-16,50228,0,46356,0,3869,0,0
湖北,武汉,2021-04-15,50228,0,46356,0,3869,0,0
湖北,武汉,2021-04-14,50228,1,46356,0,3869,0,0
湖北,武汉,2021-04-13,50227,0,46356,0,3869,0,0
湖北,武汉,2021-04-12,50227,0,46356,0,3869,0,0
湖北,武汉,2021-04-11,50227,0,46356,0,3869,0,0
湖北,武汉,2021-04-10,50227,0,46356,0,3869,0,0
湖北,武汉,2021-04-09,50227,1,46356,1,3869,0,0
湖北,武汉,2021-04-08,50226,0,46355,0,3869,0,0
湖北,武汉,2021-04-07,50226,0,46355,0,3869,0,0
湖北,武汉,2021-04-06,50226,1,46355,0,3869,0,0
湖北,武汉,2021-04-05,50225,0,46355,0,3869,0,0
湖北,武汉,2021-04-04,50225,0,46355,0,3869,0,0
湖北,武汉,2021-04-03,50225,0,46355,0,3869,0,0
湖北,武汉,2021-04-02,50225,0,46355,0,3869,0,0
湖北,武汉,2021-04-01,50225,0,46355,0,3869,0,0
湖北,武汉,2021-03-31,50225,0,46355,0,3869,0,0
湖北,武汉,2021-03-30,50225,0,46355,0,3869,0,0
湖北,武汉,2021-03-29,50225,0,46355,0,3869,0,0
湖北,武汉,2021-03-28,50225,0,46355,0,3869,0,0
湖北,武汉,2021-03-27,50225,0,46355,0,3869,0,0
湖北,武汉,2021-03-26,50225,0,46355,0,3869,0,0
湖北,武汉,2021-03-25,50225,0,46355,0,3869,0,0
湖北,武汉,2021-03-24,50225,1,46355,0,3869,0,0
湖北,武汉,2021-03-23,50224,0,46355,0,3869,0,0
湖北,武汉,2021-03-22,50224,0,46355,0,3869,0,0
湖北,武汉,2021-03-21,50224,0,46355,0,3869,0,0
湖北,武汉,2021-03-20,50224,0,46355,0,3869,0,0
湖北,武汉,2021-03-19,50224,0,46355,0,3869,0,0
湖北,武汉,2021-03-18,50224,0,46355,0,3869,0,0
湖北,武汉,2021-03-17,50224,0,46355,0,3869,0,0
湖北,武汉,2021-03-16,50224,0,46355,0,3869,0,0
湖北,武汉,2021-03-15,50224,0,46355,0,3869,0,0
湖北,武汉,2021-03-14,50224,0,46355,0,3869,0,0
湖北,武汉,2021-03-13,50224,0,46355,0,3869,0,0
湖北,武汉,2021-03-12,50224,0,46355,0,3869,0,0
湖北,武汉,2021-03-11,50224,0,46355,0,3869,0,0
湖北,武汉,2021-03-10,50224,0,46355,0,3869,0,0
湖北,武汉,2021-03-09,50224,0,46355,0,3869,0,0
湖北,武汉,2021-03-08,50224,0,46355,0,3869,0,0
湖北,武汉,2021-03-07,50224,0,46355,0,3869,0,0
湖北,武汉,2021-03-06,50224,0,46355,0,3869,0,0
湖北,武汉,2021-03-05,50224,0,46355,0,3869,0,0
湖北,武汉,2021-03-04,50224,0,46355,0,3869,0,0
湖北,武汉,2021-03-03,50224,0,46355,0,3869,0,0
湖北,武汉,2021-03-02,50224,0,46355,0,3869,0,0
湖北,武汉,2021-03-01,50224,0,46355,0,3869,0,0
湖北,武汉,2021-02-28,50224,0,46355,0,3869,0,0
湖北,武汉,2021-02-27,50224,0,46355,0,3869,0,0
湖北,武汉,2021-02-26,50224,0,46355,0,3869,0,0
湖北,武汉,2021-02-25,50224,0,46355,1,3869,0,0
湖北,武汉,2021-02-24,50224,0,46354,0,3869,0,0
湖北,武汉,2021-02-23,50224,0,46354,0,3869,0,0
湖北,武汉,2021-02-22,50224,0,46354,0,3869,0,0
湖北,武汉,2021-02-21,50224,0,46354,0,3869,0,0
湖北,武汉,2021-02-20,50224,0,46354,0,3869,0,0
湖北,武汉,2021-02-19,50224,0,46354,0,3869,0,0
湖北,武汉,2021-02-18,50224,0,46354,0,3869,0,0
湖北,武汉,2021-02-17,50224,1,46354,0,3869,0,0
湖北,武汉,2021-02-16,50223,0,46354,0,3869,0,0
湖北,武汉,2021-02-15,50223,0,46354,0,3869,0,0
湖北,武汉,2021-02-14,50223,0,46354,0,3869,0,0
湖北,武汉,2021-02-13,50223,0,46354,0,3869,0,0
湖北,武汉,2021-02-12,50223,0,46354,0,3869,0,0
湖北,武汉,2021-02-11,50223,0,46354,0,3869,0,0
湖北,武汉,2021-02-10,50223,0,46354,0,3869,0,0
湖北,武汉,2021-02-09,50223,0,46354,0,3869,0,0
湖北,武汉,2021-02-08,50223,0,46354,0,3869,0,0
湖北,武汉,2021-02-07,50223,0,46354,0,3869,0,0
湖北,武汉,2021-02-06,50223,0,46354,0,3869,0,0
湖北,武汉,2021-02-05,50223,0,46354,0,3869,0,0
湖北,武汉,2021-02-04,50223,0,46354,1,3869,0,0
湖北,武汉,2021-02-03,50223,0,46353,0,3869,0,0
湖北,武汉,2021-02-02,50223,0,46353,0,3869,0,0
湖北,武汉,2021-02-01,50223,0,46353,0,3869,0,0
湖北,武汉,2021-01-31,50223,0,46353,0,3869,0,0
湖北,武汉,2021-01-30,50223,0,46353,0,3869,0,0
湖北,武汉,2021-01-29,50223,0,46353,0,3869,0,0
湖北,武汉,2021-01-28,50223,0,46353,0,3869,0,0
湖北,武汉,2021-01-27,50223,0,46353,0,3869,0,0
湖北,武汉,2021-01-26,50223,0,46353,0,3869,0,0
湖北,武汉,2021-01-25,50223,0,46353,0,3869,0,0
湖北,武汉,2021-01-24,50223,0,46353,0,3869,0,0
湖北,武汉,2021-01-23,50223,0,46353,0,3869,0,0
湖北,武汉,2021-01-22,50223,0,46353,0,3869,0,0
湖北,武汉,2021-01-21,50223,0,46353,0,3869,0,0
湖北,武汉,2021-01-20,50223,1,46353,0,3869,0,0
湖北,武汉,2021-01-19,50222,0,46353,0,3869,0,0
湖北,武汉,2021-01-18,50222,0,46353,0,3869,0,0
湖北,武汉,2021-01-17,50222,0,46353,0,3869,0,0
湖北,武汉,2021-01-16,50222,0,46353,0,3869,0,0
湖北,武汉,2021-01-15,50222,0,46353,0,3869,0,0
湖北,武汉,2021-01-14,50222,0,46353,0,3869,0,0
湖北,武汉,2021-01-13,50222,0,46353,0,3869,0,0
湖北,武汉,2021-01-12,50222,0,46353,0,3869,0,0
湖北,武汉,2021-01-11,50222,0,46353,0,3869,0,0
湖北,武汉,2021-01-10,50222,0,46353,0,3869,0,0
湖北,武汉,2021-01-09,50222,0,46353,0,3869,0,0
湖北,武汉,2021-01-08,50222,0,46353,0,3869,0,0
湖北,武汉,2021-01-07,50222,0,46353,0,3869,0,0
湖北,武汉,2021-01-06,50222,0,46353,0,3869,0,0
湖北,武汉,2021-01-05,50222,0,46353,0,3869,0,0
湖北,武汉,2021-01-04,50222,0,46353,0,3869,0,0
湖北,武汉,2021-01-03,50222,0,46353,0,3869,0,0
湖北,武汉,2021-01-02,50222,0,46353,0,3869,0,0
湖北,武汉,2021-01-01,50222,0,46353,0,3869,0,0
湖北,武汉,2020-12-31,50222,0,46353,0,3869,0,0
湖北,武汉,2020-12-30,50222,0,46353,0,3869,0,0
湖北,武汉,2020-12-29,50222,0,46353,0,3869,0,0
湖北,武汉,2020-12-28,50222,0,46353,0,3869,0,0
湖北,武汉,2020-12-27,50222,0,46353,0,3869,0,0
湖北,武汉,2020-12-26,50222,0,46353,0,3869,0,0
湖北,武汉,2020-12-25,50222,0,46353,0,3869,0,0
湖北,武汉,2020-12-24,50222,0,46353,0,3869,0,0
湖北,武汉,2020-12-23,50222,0,46353,0,3869,0,0
湖北,武汉,2020-12-22,50222,0,46353,0,3869,0,0
湖北,武汉,2020-12-21,50222,0,46353,0,3869,0,0
湖北,武汉,2020-12-20,50222,0,46353,0,3869,0,0
湖北,武汉,2020-12-19,50222,0,46353,0,3869,0,0
湖北,武汉,2020-12-18,50222,0,46353,0,3869,0,0
湖北,武汉,2020-12-17,50222,0,46353,0,3869,0,0
湖北,武汉,2020-12-16,50222,0,46353,0,3869,0,0
湖北,武汉,2020-12-15,50222,0,46353,1,3869,0,0
湖北,武汉,2020-12-14,50222,0,46352,0,3869,0,0
湖北,武汉,2020-12-13,50222,0,46352,0,3869,0,0
湖北,武汉,2020-12-12,50222,0,46352,0,3869,0,0
湖北,武汉,2020-12-11,50222,0,46352,0,3869,0,0
湖北,武汉,2020-12-10,50222,0,46352,0,3869,0,0
湖北,武汉,2020-12-09,50222,0,46352,1,3869,0,0
湖北,武汉,2020-12-08,50222,0,46351,0,3869,0,0
湖北,武汉,2020-12-07,50222,0,46351,0,3869,0,0
湖北,武汉,2020-12-06,50222,0,46351,0,3869,0,0
湖北,武汉,2020-12-05,50222,0,46351,2,3869,0,0
湖北,武汉,2020-12-04,50222,0,46349,0,3869,0,0
湖北,武汉,2020-12-03,50222,0,46349,0,3869,0,0
湖北,武汉,2020-12-02,50222,1,46349,0,3869,0,0
湖北,武汉,2020-12-01,50221,0,46349,0,3869,0,0
湖北,武汉,2020-11-30,50221,0,46349,0,3869,0,0
湖北,武汉,2020-11-29,50221,0,46349,3,3869,0,0
湖北,武汉,2020-11-28,50221,0,46346,0,3869,0,0
湖北,武汉,2020-11-27,50221,0,46346,1,3869,0,0
湖北,武汉,2020-11-26,50221,0,46345,0,3869,0,0
湖北,武汉,2020-11-25,50221,0,46345,1,3869,0,0
湖北,武汉,2020-11-24,50221,0,46344,0,3869,0,0
湖北,武汉,2020-11-23,50221,0,46344,0,3869,0,0
湖北,武汉,2020-11-22,50221,0,46344,0,3869,0,0
湖北,武汉,2020-11-21,50221,0,46344,0,3869,0,0
湖北,武汉,2020-11-20,50221,0,46344,0,3869,0,0
湖北,武汉,2020-11-19,50221,0,46344,0,3869,0,0
湖北,武汉,2020-11-18,50221,0,46344,0,3869,0,0
湖北,武汉,2020-11-17,50221,0,46344,1,3869,0,0
湖北,武汉,2020-11-16,50221,0,46343,0,3869,0,0
湖北,武汉,2020-11-15,50221,0,46343,0,3869,0,0
湖北,武汉,2020-11-14,50221,1,46343,0,3869,0,0
湖北,武汉,2020-11-13,50220,0,46343,0,3869,0,0
湖北,武汉,2020-11-12,50220,0,46343,0,3869,0,0
湖北,武汉,2020-11-11,50220,0,46343,0,3869,0,0
湖北,武汉,2020-11-10,50220,0,46343,0,3869,0,0
湖北,武汉,2020-11-09,50220,0,46343,0,3869,0,0
湖北,武汉,2020-11-08,50220,0,46343,0,3869,0,0
湖北,武汉,2020-11-07,50220,4,46343,0,3869,0,0
湖北,武汉,2020-11-06,50216,0,46343,0,3869,0,0
湖北,武汉,2020-11-05,50216,0,46343,0,3869,0,0
湖北,武汉,2020-11-04,50216,0,46343,0,3869,0,0
湖北,武汉,2020-11-03,50216,0,46343,0,3869,0,0
湖北,武汉,2020-11-02,50216,4,46343,0,3869,0,0
湖北,武汉,2020-11-01,50212,0,46343,0,3869,0,0
湖北,武汉,2020-10-31,50212,0,46343,0,3869,0,0
湖北,武汉,2020-10-30,50212,0,46343,0,3869,0,0
湖北,武汉,2020-10-29,50212,0,46343,0,3869,0,0
湖北,武汉,2020-10-28,50212,0,46343,0,3869,0,0
湖北,武汉,2020-10-27,50212,0,46343,0,3869,0,0
湖北,武汉,2020-10-26,50212,0,46343,0,3869,0,0
湖北,武汉,2020-10-25,50212,0,46343,0,3869,0,0
湖北,武汉,2020-10-24,50212,0,46343,0,3869,0,0
湖北,武汉,2020-10-23,50212,0,46343,0,3869,0,0
湖北,武汉,2020-10-22,50212,0,46343,0,3869,0,0
湖北,武汉,2020-10-21,50212,0,46343,0,3869,0,0
湖北,武汉,2020-10-20,50212,0,46343,0,3869,0,0
湖北,武汉,2020-10-19,50212,0,46343,0,3869,0,0
湖北,武汉,2020-10-18,50212,0,46343,0,3869,0,0
湖北,武汉,2020-10-17,50212,0,46343,0,3869,0,0
湖北,武汉,2020-10-16,50212,0,46343,0,3869,0,0
湖北,武汉,2020-10-15,50212,0,46343,0,3869,0,0
湖北,武汉,2020-10-14,50212,0,46343,0,3869,0,0
湖北,武汉,2020-10-13,50212,0,46343,0,3869,0,0
湖北,武汉,2020-10-12,50212,0,46343,0,3869,0,0
湖北,武汉,2020-10-11,50212,0,46343,0,3869,0,0
湖北,武汉,2020-10-10,50212,0,46343,0,3869,0,0
湖北,武汉,2020-10-09,50212,0,46343,0,3869,0,0
湖北,武汉,2020-10-08,50212,0,46343,0,3869,0,0
湖北,武汉,2020-10-07,50212,0,46343,0,3869,0,0
湖北,武汉,2020-10-06,50212,0,46343,0,3869,0,0
湖北,武汉,2020-10-05,50212,0,46343,0,3869,0,0
湖北,武汉,2020-10-04,50212,0,46343,0,3869,0,0
湖北,武汉,2020-10-03,50212,0,46343,0,3869,0,0
湖北,武汉,2020-10-02,50212,0,46343,0,3869,0,0
湖北,武汉,2020-10-01,50212,0,46343,0,3869,0,0
湖北,武汉,2020-09-30,50212,0,46343,0,3869,0,0
湖北,武汉,2020-09-29,50212,0,46343,0,3869,0,0
湖北,武汉,2020-09-28,50212,0,46343,0,3869,0,0
湖北,武汉,2020-09-27,50212,0,46343,0,3869,0,0
湖北,武汉,2020-09-26,50212,0,46343,0,3869,0,0
湖北,武汉,2020-09-25,50212,0,46343,0,3869,0,0
湖北,武汉,2020-09-24,50212,0,46343,0,3869,0,0
湖北,武汉,2020-09-23,50212,0,46343,0,3869,0,0
湖北,武汉,2020-09-22,50212,0,46343,0,3869,0,0
湖北,武汉,2020-09-21,50212,0,46343,0,3869,0,0
湖北,武汉,2020-09-20,50212,0,46343,0,3869,0,0
湖北,武汉,2020-09-19,50212,0,46343,0,3869,0,0
湖北,武汉,2020-09-18,50212,0,46343,0,3869,0,0
湖北,武汉,2020-09-17,50212,0,46343,0,3869,0,0
湖北,武汉,2020-09-16,50212,0,46343,0,3869,0,0
湖北,武汉,2020-09-15,50212,0,46343,0,3869,0,0
湖北,武汉,2020-09-14,50212,0,46343,0,3869,0,0
湖北,武汉,2020-09-13,50212,0,46343,0,3869,0,0
湖北,武汉,2020-09-12,50212,0,46343,0,3869,0,0
湖北,武汉,2020-09-11,50212,0,46343,0,3869,0,0
湖北,武汉,2020-09-10,50212,0,46343,0,3869,0,0
湖北,武汉,2020-09-09,50212,0,46343,0,3869,0,0
湖北,武汉,2020-09-08,50212,0,46343,0,3869,0,0
湖北,武汉,2020-09-07,50212,0,46343,0,3869,0,0
湖北,武汉,2020-09-06,50212,0,46343,0,3869,0,0
湖北,武汉,2020-09-05,50212,0,46343,0,3869,0,0
湖北,武汉,2020-09-04,50212,0,46343,0,3869,0,0
湖北,武汉,2020-09-03,50212,0,46343,0,3869,0,0
湖北,武汉,2020-09-02,50212,0,46343,0,3869,0,0
湖北,武汉,2020-09-01,50212,0,46343,0,3869,0,0
湖北,武汉,2020-08-31,50212,0,46343,0,3869,0,0
湖北,武汉,2020-08-30,50212,0,46343,1,3869,0,0
湖北,武汉,2020-08-29,50212,0,46342,0,3869,0,0
湖北,武汉,2020-08-28,50212,0,46342,0,3869,0,0
湖北,武汉,2020-08-27,50212,0,46342,0,3869,0,0
湖北,武汉,2020-08-26,50212,0,46342,0,3869,0,0
湖北,武汉,2020-08-25,50212,0,46342,0,3869,0,0
湖北,武汉,2020-08-24,50212,0,46342,0,3869,0,0
湖北,武汉,2020-08-23,50212,0,46342,0,3869,0,0
湖北,武汉,2020-08-22,50212,0,46342,0,3869,0,0
湖北,武汉,2020-08-21,50212,0,46342,0,3869,0,0
湖北,武汉,2020-08-20,50212,0,46342,0,3869,0,0
湖北,武汉,2020-08-19,50212,0,46342,0,3869,0,0
湖北,武汉,2020-08-18,50212,0,46342,1,3869,0,0
湖北,武汉,2020-08-17,50212,0,46341,0,3869,0,0
湖北,武汉,2020-08-16,50212,0,46341,0,3869,0,0
湖北,武汉,2020-08-15,50212,0,46341,0,3869,0,0
湖北,武汉,2020-08-14,50212,0,46341,2,3869,0,0
湖北,武汉,2020-08-13,50212,0,46339,0,3869,0,0
湖北,武汉,2020-08-12,50212,0,46339,0,3869,0,0
湖北,武汉,2020-08-11,50212,0,46339,0,3869,0,0
湖北,武汉,2020-08-10,50212,0,46339,0,3869,0,0
湖北,武汉,2020-08-09,50212,0,46339,0,3869,0,0
湖北,武汉,2020-08-08,50212,0,46339,0,3869,0,0
湖北,武汉,2020-08-07,50212,1,46339,0,3869,0,0
湖北,武汉,2020-08-06,50211,0,46339,0,3869,0,0
湖北,武汉,2020-08-05,50211,0,46339,0,3869,0,0
湖北,武汉,2020-08-04,50211,0,46339,0,3869,0,0
湖北,武汉,2020-08-03,50211,0,46339,0,3869,0,0
湖北,武汉,2020-08-02,50211,0,46339,0,3869,0,0
湖北,武汉,2020-08-01,50211,3,46339,0,3869,0,0
湖北,武汉,2020-07-31,50208,0,46339,0,3869,0,0
湖北,武汉,2020-07-30,50208,0,46339,0,3869,0,0
湖北,武汉,2020-07-29,50208,0,46339,0,3869,0,0
湖北,武汉,2020-07-28,50208,0,46339,0,3869,0,0
湖北,武汉,2020-07-27,50208,0,46339,0,3869,0,0
湖北,武汉,2020-07-26,50208,0,46339,0,3869,0,0
湖北,武汉,2020-07-25,50208,0,46339,0,3869,0,0
湖北,武汉,2020-07-24,50208,0,46339,0,3869,0,0
湖北,武汉,2020-07-23,50208,0,46339,0,3869,0,0
湖北,武汉,2020-07-22,50208,0,46339,0,3869,0,0
湖北,武汉,2020-07-21,50208,0,46339,0,3869,0,0
湖北,武汉,2020-07-20,50208,0,46339,0,3869,0,0
湖北,武汉,2020-07-19,50208,0,46339,0,3869,0,0
湖北,武汉,2020-07-18,50208,0,46339,0,3869,0,0
湖北,武汉,2020-07-17,50208,0,46339,0,3869,0,0
湖北,武汉,2020-07-16,50208,0,46339,0,3869,0,0
湖北,武汉,2020-07-15,50208,0,46339,0,3869,0,0
湖北,武汉,2020-07-14,50208,0,46339,0,3869,0,0
湖北,武汉,2020-07-13,50208,0,46339,0,3869,0,0
湖北,武汉,2020-07-12,50208,0,46339,0,3869,0,0
湖北,武汉,2020-07-11,50208,0,46339,0,3869,0,0
湖北,武汉,2020-07-10,50208,0,46339,0,3869,0,0
湖北,武汉,2020-07-09,50208,0,46339,0,3869,0,0
湖北,武汉,2020-07-08,50208,0,46339,0,3869,0,0
湖北,武汉,2020-07-07,50208,0,46339,0,3869,0,0
湖北,武汉,2020-07-06,50208,0,46339,0,3869,0,0
湖北,武汉,2020-07-05,50208,0,46339,0,3869,0,0
湖北,武汉,2020-07-04,50208,0,46339,0,3869,0,0
湖北,武汉,2020-07-03,50208,0,46339,0,3869,0,0
湖北,武汉,2020-07-02,50208,0,46339,0,3869,0,0
湖北,武汉,2020-07-01,50208,0,46339,0,3869,0,0
湖北,武汉,2020-06-30,50208,0,46339,0,3869,0,0
湖北,武汉,2020-06-29,50208,0,46339,0,3869,0,0
湖北,武汉,2020-06-28,50208,0,46339,0,3869,0,0
湖北,武汉,2020-06-27,50208,0,46339,0,3869,0,0
湖北,武汉,2020-06-26,50208,0,46339,0,3869,0,0
湖北,武汉,2020-06-25,50208,0,46339,0,3869,0,0
湖北,武汉,2020-06-24,50208,0,46339,0,3869,0,0
湖北,武汉,2020-06-23,50208,0,46339,0,3869,0,0
湖北,武汉,2020-06-22,50208,0,46339,0,3869,0,0
湖北,武汉,2020-06-21,50208,0,46339,0,3869,0,0
湖北,武汉,2020-06-20,50208,0,46339,0,3869,0,0
湖北,武汉,2020-06-19,50208,0,46339,0,3869,0,0
湖北,武汉,2020-06-18,50208,0,46339,0,3869,0,0
湖北,武汉,2020-06-17,50208,0,46339,0,3869,0,0
湖北,武汉,2020-06-16,50208,0,46339,0,3869,0,0
湖北,武汉,2020-06-15,50208,0,46339,0,3869,0,0
湖北,武汉,2020-06-14,50208,0,46339,0,3869,0,0
湖北,武汉,2020-06-13,50208,0,46339,0,3869,0,0
湖北,武汉,2020-06-12,50208,0,46339,0,3869,0,0
湖北,武汉,2020-06-11,50208,0,46339,0,3869,0,0
湖北,武汉,2020-06-10,50208,0,46339,0,3869,0,0
湖北,武汉,2020-06-09,50208,0,46339,0,3869,0,0
湖北,武汉,2020-06-08,50208,0,46339,0,3869,0,0
湖北,武汉,2020-06-07,50208,0,46339,0,3869,0,0
湖北,武汉,2020-06-06,50208,0,46339,0,3869,0,0
湖北,武汉,2020-06-05,50208,0,46339,0,3869,0,0
湖北,武汉,2020-06-04,50208,0,46339,3,3869,0,0
湖北,武汉,2020-06-03,50208,0,46336,0,3869,0,0
湖北,武汉,2020-06-02,50208,0,46336,0,3869,0,0
湖北,武汉,2020-06-01,50208,0,46336,0,3869,0,0
湖北,武汉,2020-05-31,50208,0,46336,1,3869,0,0
湖北,武汉,2020-05-30,50208,0,46335,0,3869,0,0
湖北,武汉,2020-05-29,50208,0,46335,1,3869,0,0
湖北,武汉,2020-05-28,50208,0,46334,0,3869,0,0
湖北,武汉,2020-05-27,50208,0,46334,0,3869,0,0
湖北,武汉,2020-05-26,50208,0,46334,1,3869,0,0
湖北,武汉,2020-05-25,50208,0,46333,0,3869,0,0
湖北,武汉,2020-05-24,50208,0,46333,1,3869,0,0
湖北,武汉,2020-05-23,50208,0,46332,0,3869,0,0
湖北,武汉,2020-05-22,50208,0,46332,0,3869,0,0
湖北,武汉,2020-05-21,50208,0,46332,0,3869,0,0
湖北,武汉,2020-05-20,50208,0,46332,0,3869,0,0
湖北,武汉,2020-05-19,50208,0,46332,0,3869,0,0
湖北,武汉,2020-05-18,50208,1,46332,0,3869,0,0
湖北,武汉,2020-05-17,50207,0,46332,0,3869,0,0
湖北,武汉,2020-05-16,50207,0,46332,0,3869,0,0
湖北,武汉,2020-05-15,50207,0,46332,0,3869,0,0
湖北,武汉,2020-05-14,50207,0,46332,0,3869,0,0
湖北,武汉,2020-05-13,50207,0,46332,0,3869,0,0
湖北,武汉,2020-05-12,50207,0,46332,0,3869,0,0
湖北,武汉,2020-05-11,50207,0,46332,0,3869,0,0
湖北,武汉,2020-05-10,50207,5,46332,0,3869,0,0
湖北,武汉,2020-05-09,50202,1,46332,0,3869,0,0
湖北,武汉,2020-05-08,50201,0,46332,0,3869,0,0
湖北,武汉,2020-05-07,50201,0,46332,0,3869,0,0
湖北,武汉,2020-05-06,50201,0,46332,0,3869,0,0
湖北,武汉,2020-05-05,50201,0,46332,0,3869,0,0
湖北,武汉,2020-05-04,50201,0,46332,0,3869,0,0
湖北,武汉,2020-05-03,50201,0,46332,0,3869,0,0
湖北,武汉,2020-05-02,50201,0,46332,0,3869,0,0
湖北,武汉,2020-05-01,50201,0,46332,0,3869,0,0
湖北,武汉,2020-04-30,50201,0,46332,0,3869,0,0
湖北,武汉,2020-04-29,50201,0,46332,0,3869,0,0
湖北,武汉,2020-04-28,50201,0,46332,0,3869,0,0
湖北,武汉,2020-04-27,50201,0,46332,0,3869,0,0
湖北,武汉,2020-04-26,50201,0,46332,12,3869,0,0
湖北,武汉,2020-04-25,50201,0,46320,11,3869,0,0
湖北,武汉,2020-04-24,50201,0,46309,24,3869,0,0
湖北,武汉,2020-04-23,50201,0,46285,22,3869,0,0
湖北,武汉,2020-04-22,50201,0,46263,28,3869,0,0
湖北,武汉,2020-04-21,50201,0,46235,5,3869,0,0
湖北,武汉,2020-04-20,50201,0,46230,7,3869,0,0
湖北,武汉,2020-04-19,50201,0,46223,0,3869,0,0
湖北,武汉,2020-04-18,50201,0,46223,13,3869,0,0
湖北,武汉,2020-04-17,50201,0,46210,7,3869,0,0
湖北,武汉,2020-04-16,50201,193,46203,-1080,3869,1290,0
湖北,武汉,2020-04-15,50008,0,47283,33,2579,0,0
湖北,武汉,2020-04-14,50008,0,47250,39,2579,0,0
湖北,武汉,2020-04-13,50008,0,47211,25,2579,0,0
湖北,武汉,2020-04-12,50008,0,47186,57,2579,2,0
湖北,武汉,2020-04-11,50008,0,47129,17,2577,0,0
湖北,武汉,2020-04-10,50008,0,47112,27,2577,2,0
湖北,武汉,2020-04-09,50008,0,47085,49,2575,1,0
湖北,武汉,2020-04-08,50008,0,47036,45,2574,2,0
湖北,武汉,2020-04-07,50008,0,46991,69,2572,1,0
湖北,武汉,2020-04-06,50008,0,46922,59,2571,0,0
湖北,武汉,2020-04-05,50008,0,46863,69,2571,1,0
湖北,武汉,2020-04-04,50008,0,46794,183,2570,3,0
湖北,武汉,2020-04-03,50008,1,46611,150,2567,4,0
湖北,武汉,2020-04-02,50007,0,46461,141,2563,4,0
湖北,武汉,2020-04-01,50007,0,46320,145,2559,6,0
湖北,武汉,2020-03-31,50007,1,46175,173,2553,5,0
湖北,武汉,2020-03-30,50006,0,46002,269,2548,1,0
湖北,武汉,2020-03-29,50006,0,45733,315,2547,4,0
湖北,武汉,2020-03-28,50006,0,45418,467,2543,5,0
湖北,武汉,2020-03-27,50006,0,44951,360,2538,3,0
湖北,武汉,2020-03-26,50006,0,44591,523,2535,4,0
湖北,武汉,2020-03-25,50006,0,44068,382,2531,5,0
湖北,武汉,2020-03-24,50006,0,43686,472,2526,2,0
湖北,武汉,2020-03-23,50006,1,43214,426,2524,7,0
湖北,武汉,2020-03-22,50005,0,42788,434,2517,9,0
湖北,武汉,2020-03-21,50005,0,42354,463,2508,4,0
湖北,武汉,2020-03-20,50005,0,41891,502,2504,6,0
湖北,武汉,2020-03-19,50005,0,41389,624,2498,2,0
湖北,武汉,2020-03-18,50005,0,40765,733,2496,6,0
湖北,武汉,2020-03-17,50005,1,40032,812,2490,10,0
湖北,武汉,2020-03-16,50004,1,39220,836,2480,11,0
湖北,武汉,2020-03-15,50003,4,38384,752,2469,13,0
湖北,武汉,2020-03-14,49999,4,37632,1181,2456,10,0
湖北,武汉,2020-03-13,49995,4,36451,1254,2446,10,0
湖北,武汉,2020-03-12,49991,5,35197,1103,2436,6,0
湖北,武汉,2020-03-11,49986,8,34094,1053,2430,7,0
湖北,武汉,2020-03-10,49978,13,33041,1212,2423,19,0
湖北,武汉,2020-03-09,49965,17,31829,896,2404,16,0
湖北,武汉,2020-03-08,49948,36,30933,1163,2388,18,0
湖北,武汉,2020-03-07,49912,41,29770,1259,2370,21,0
湖北,武汉,2020-03-06,49871,74,28511,1157,2349,21,0
湖北,武汉,2020-03-05,49797,126,27354,1038,2328,23,0
湖北,武汉,2020-03-04,49671,131,26316,1426,2305,23,0
湖北,武汉,2020-03-03,49540,114,24890,1859,2282,31,0
湖北,武汉,2020-03-02,49426,111,23031,1846,2251,24,0
湖北,武汉,2020-03-01,49315,193,21185,1958,2227,32,0
湖北,武汉,2020-02-29,49122,565,19227,1675,2195,26,0
湖北,武汉,2020-02-28,48557,420,17552,1726,2169,37,0
湖北,武汉,2020-02-27,48137,313,15826,2498,2132,28,0
湖北,武汉,2020-02-26,47824,383,13328,1535,2104,19,0
湖北,武汉,2020-02-25,47441,370,11793,1456,2085,42,0
湖北,武汉,2020-02-24,47071,464,10337,1391,2043,56,0
湖北,武汉,2020-02-23,46607,348,8946,775,1987,131,0
湖北,武汉,2020-02-22,46259,599,8171,965,1856,82,0
湖北,武汉,2020-02-21,45660,314,7206,992,1774,90,0
湖北,武汉,2020-02-20,45346,319,6214,766,1684,99,0
湖北,武汉,2020-02-19,45027,615,5448,553,1585,88,0
湖北,武汉,2020-02-18,44412,1660,4895,676,1497,116,0
湖北,武汉,2020-02-17,42752,1600,4219,761,1381,72,0
湖北,武汉,2020-02-16,41152,1690,3458,543,1309,76,0
湖北,武汉,2020-02-15,39462,1548,2915,413,1233,110,0
湖北,武汉,2020-02-14,37914,1923,2502,486,1123,107,0
湖北,武汉,2020-02-13,35991,2997,2016,101,1016,-20,0
湖北,武汉,2020-02-12,32994,13436,1915,538,1036,216,0
湖北,武汉,2020-02-11,19558,1104,1377,171,820,72,0
湖北,武汉,2020-02-10,18454,1552,1206,162,748,67,0
湖北,武汉,2020-02-09,16902,1920,1044,167,681,73,0
湖北,武汉,2020-02-08,14982,1379,877,179,608,63,0
湖北,武汉,2020-02-07,13603,1985,698,164,545,67,0
湖北,武汉,2020-02-06,11618,1501,534,103,478,64,0
湖北,武汉,2020-02-05,10117,1766,431,63,414,52,0
湖北,武汉,2020-02-04,8351,1967,368,65,362,49,0
湖北,武汉,2020-02-03,6384,1242,303,79,313,48,0
湖北,武汉,2020-02-02,5142,1033,224,53,265,41,0
湖北,武汉,2020-02-01,4109,894,171,32,224,32,0
湖北,武汉,2020-01-31,3215,576,139,36,192,33,0
湖北,武汉,2020-01-30,2639,378,103,21,159,30,0
湖北,武汉,2020-01-29,2261,356,82,7,129,25,0
湖北,武汉,2020-01-28,1905,315,75,33,104,19,0
湖北,武汉,2020-01-27,1590,892,42,0,85,22,0
湖北,武汉,2020-01-26,698,80,42,2,63,18,0
湖北,武汉,2020-01-25,618,46,40,8,45,7,0
湖北,武汉,2020-01-24,572,77,32,1,38,15,0
湖北,武汉,2020-01-23,495,495,31,31,23,23,0